#insert 15 records for pilots

INSERT INTO employee (employee_id, first_name, last_name, employee_type, phone_number, email, city, state, zipcode, street, onboard_date)
VALUES
    (1, 'John', 'Doe', 'P', '1234567890', 'john.doe@email.com', 'New York', 'NY', '10001', 'Broadway St 123', '2022-01-15'),
    (2, 'Jane', 'Smith', 'P', '2345678901', 'jane.smith@email.com', 'Los Angeles', 'CA', '90001', 'Hollywood Blvd 456', '2022-02-20'),
    (3, 'David', 'Miller', 'P', '3456789012', 'david.miller@email.com', 'Chicago', 'IL', '60601', 'Michigan Ave 789', '2022-03-25'),
    (4, 'Emily', 'Jones', 'P', '4567890123', 'emily.jones@email.com', 'Houston', 'TX', '77001', 'Main St 1011', '2022-04-30'),
    (5, 'Michael', 'Johnson', 'P', '5678901234', 'michael.johnson@email.com', 'San Francisco', 'CA', '94101', 'Market St 1213', '2022-05-15'),
    (6, 'Olivia', 'Davis', 'P', '6789012345', 'olivia.davis@email.com', 'Miami', 'FL', '33101', 'Ocean Dr 1415', '2022-06-20'),
    (7, 'Daniel', 'Martinez', 'P', '7890123456', 'daniel.martinez@email.com', 'Seattle', 'WA', '98101', 'Pike Pl 1617', '2022-07-25'),
    (8, 'Sophia', 'Clark', 'P', '8901234567', 'sophia.clark@email.com', 'Denver', 'CO', '80201', '16th St 1819', '2022-08-30'),
    (9, 'James', 'Taylor', 'P', '9012345678', 'james.taylor@email.com', 'Orlando', 'FL', '32801', 'Orange Ave 2021', '2022-09-15'),
    (10, 'Ava', 'Wilson', 'P', '1234567890', 'ava.wilson@email.com', 'Dallas', 'TX', '75201', 'Main St 2223', '2022-10-20'),
    (11, 'Alexander', 'Brown', 'P', '2345678901', 'alexander.brown@email.com', 'Phoenix', 'AZ', '85001', 'Camelback Rd 2425', '2022-11-25'),
    (12, 'Mia', 'Moore', 'P', '3456789012', 'mia.moore@email.com', 'Boston', 'MA', '02101', 'Boylston St 2627', '2022-12-30'),
    (13, 'Liam', 'Anderson', 'P', '4567890123', 'liam.anderson@email.com', 'Atlanta', 'GA', '30301', 'Peachtree St 2829', '2023-01-15'),
    (14, 'Ella', 'Thomas', 'P', '5678901234', 'ella.thomas@email.com', 'Las Vegas', 'NV', '89101', 'The Strip 3031', '2023-02-20'),
    (15, 'William', 'Harris', 'P', '6789012345', 'william.harris@email.com', 'Philadelphia', 'PA', '19101', 'Market St 3233', '2023-03-25');
    
#Insert 15 records for attendants
INSERT INTO employee (employee_id, first_name, last_name, employee_type, phone_number, email, city, state, zipcode, street, onboard_date)
VALUES
    (16, 'Sophie', 'Brown', 'A', '7890123456', 'sophie.brown@email.com', 'San Diego', 'CA', '92101', 'Gaslamp Quarter 3435', '2022-04-01'),
    (17, 'Jack', 'Garcia', 'A', '8901234567', 'jack.garcia@email.com', 'New Orleans', 'LA', '70112', 'Bourbon St 3637', '2022-05-05'),
    (18, 'Grace', 'Rodriguez', 'A', '9012345678', 'grace.rodriguez@email.com', 'Minneapolis', 'MN', '55401', 'Nicollet Mall 3839', '2022-06-10'),
    (19, 'Aiden', 'Lopez', 'A', '1234567890', 'aiden.lopez@email.com', 'Portland', 'OR', '97201', 'Pearl District 4041', '2022-07-15'),
    (20, 'Aria', 'Perez', 'A', '2345678901', 'aria.perez@email.com', 'Salt Lake City', 'UT', '84101', 'Temple Square 4243', '2022-08-20'),
    (21, 'Logan', 'Wright', 'A', '3456789012', 'logan.wright@email.com', 'Detroit', 'MI', '48201', 'Woodward Ave 4445', '2022-09-25'),
    (22, 'Zoe', 'Young', 'A', '4567890123', 'zoe.young@email.com', 'Austin', 'TX', '78701', '6th St 4647', '2022-10-30'),
    (23, 'Lucas', 'King', 'A', '5678901234', 'lucas.king@email.com', 'Nashville', 'TN', '37201', 'Broadway 4849', '2022-11-04'),
    (24, 'Lily', 'Scott', 'A', '6789012345', 'lily.scott@email.com', 'Raleigh', 'NC', '27601', 'Fayetteville St 5051', '2022-12-09'),
    (25, 'Caleb', 'Turner', 'A', '7890123456', 'caleb.turner@email.com', 'San Antonio', 'TX', '78201', 'River Walk 5253', '2023-01-14'),
    (26, 'Hailey', 'Diaz', 'A', '8901234567', 'hailey.diaz@email.com', 'Memphis', 'TN', '38101', 'Beale St 5455', '2023-02-19'),
    (27, 'Henry', 'Hernandez', 'A', '9012345678', 'henry.hernandez@email.com', 'Tampa', 'FL', '33601', 'Channelside Dr 5657', '2023-03-26'),
    (28, 'Nora', 'Fisher', 'A', '1234567890', 'nora.fisher@email.com', 'St. Louis', 'MO', '63101', 'Delmar Blvd 5859', '2023-04-30'),
    (29, 'Eli', 'Reyes', 'A', '2345678901', 'eli.reyes@email.com', 'Cleveland', 'OH', '44101', 'Euclid Ave 6061', '2023-05-05'),
    (30, 'Mila', 'Ramirez', 'A', '3456789012', 'mila.ramirez@email.com', 'Kansas City', 'MO', '64101', 'Country Club Plaza 6263', '2023-06-10');

#Insert pilot-specific information
INSERT INTO pilot (employee_id, certification, pilot_type, license_state)
VALUES
    (1, 'Large', 'Captain', 1),
    (2, 'Large', 'First Officer', 1),
    (3, 'Small', 'First Officer', 1),
    (4, 'Large', 'Captain', 1),
    (5, 'Large', 'Captain', 1),
    (6, 'Medium', 'First Officer', 0),
    (7, 'Medium', 'First Officer', 1),
    (8, 'Large', 'Captain', 1),
    (9, 'Small', 'First Officer', 1),
    (10, 'Large', 'Captain', 1),
    (11, 'Large', 'Captain', 1),
    (12, 'Medium', 'First Officer', 1),
    (13, 'Small', 'First Officer', 1),
    (14, 'Large', 'Captain', 1),
    (15, 'Medium', 'Captain', 1);

#Insert attendant-specific information
INSERT INTO attendent (employee_id, cert_status)
VALUES
    (16, 1),
    (17, 0),
    (18, 1),
    (19, 1),
    (20, 1),
    (21, 1),
    (22, 1),
    (23, 0),
    (24, 1),
    (25, 1),
    (26, 1),
    (27, 1),
    (28, 1),
    (29, 1),
    (30, 1);

